rentree_scolaire;uai;secteur;ips;position;appellation_officielle;libelle_academie;code_departement;libelle_departement;code_commune;libelle_commune
2023-2024;0595398X;privé sous contrat;151.5;50.68036495467745,3.106810557103804;Collège privé de Marcq;Lille;059;Nord;59378;Marcq-en-Baroeul
2023-2024;0620136L;public;90.1;50.61322684479989,2.4582884219253707;Collège Maurice Piquet;Lille;062;Pas-de-Calais;62473;Isbergues
2023-2024;0622791X;public;78.9;50.45054798315641,2.901050524240089;Collège Victor Hugo;Lille;062;Pas-de-Calais;62413;Harnes
2023-2024;0593241C;public;105.3;50.668835311606735,3.126159309653126;Collège Albert Calmette;Lille;059;Nord;59646;Wasquehal
2023-2024;0595169Y;public;78.2;50.70736174269672,3.2319219812883335;Collège Emile Zola;Lille;059;Nord;59650;Wattrelos
2023-2024;0622239X;public;83.9;50.48105884244267,3.0163594766506727;Collège Jean de Saint Aubert;Lille;062;Pas-de-Calais;62907;Libercourt
2023-2024;0594642A;public;86.3;50.977990212987145,2.5813802735220897;Collège Lamartine;Lille;059;Nord;59309;Hondschoote
2023-2024;0623759Z;public;98.6;50.976031340984115,2.0423998218835915;Collège Les Argousiers;Lille;062;Pas-de-Calais;62645;Oye-Plage
2023-2024;0590238N;public;79.7;50.38602048362716,3.107990599187455;Collège Romain Rolland;Lille;059;Nord;59654;Waziers
2023-2024;0592907P;privé sous contrat;77.9;50.67861036143357,3.1914996410208842;Collège privé Saint Michel;Lille;059;Nord;59512;Roubaix
2023-2024;0593233U;public;95.3;50.61198061344932,3.0212300656807765;Collège Professeur Albert Debeyre;Lille;059;Nord;59360;Loos
2023-2024;0594650J;public;95.1;50.838715852774484,2.2165805925832007;Collège Jacques Prévert;Lille;059;Nord;59647;Watten
2023-2024;0595328W;public;82.3;50.62942944171095,3.130319950410022;Collège Simone de Beauvoir;Lille;059;Nord;59009;Villeneuve-d'Ascq
2023-2024;0595713P;public;110.9;50.676100977377324,3.2402496086964256;Collège Alphonse Daudet;Lille;059;Nord;59339;Leers
2023-2024;0596873A;public;131.6;50.51335728894572,3.1655495272417715;Collège Simone Veil;Lille;059;Nord;59129;Cappelle-en-Pévèle
2023-2024;0622575M;public;97.2;50.73867971356185,2.2561397443597024;Collège Blaise Pascal;Lille;062;Pas-de-Calais;62525;Longuenesse
2023-2024;0622907Y;public;76.2;50.74773575087692,2.26844997765505;Collège de La Morinie;Lille;062;Pas-de-Calais;62765;Saint-Omer
2023-2024;0590155Y;public;100.5;50.6356690520175,3.1070795554789647;Collège Descartes;Lille;059;Nord;59410;Mons-en-Baroeul
2023-2024;0592959W;privé sous contrat;113.6;50.7616047561587,3.004620284383206;Collège privé Saint Joseph;Lille;059;Nord;59152;Comines
2023-2024;0594505B;privé sous contrat;119.0;50.69853262090489,2.8467205504689828;Collège privé Saint Martin;Lille;059;Nord;59431;Nieppe
2023-2024;0595178H;public;94.9;50.12237464869933,3.6866104835807536;Collège Dupleix;Lille;059;Nord;59331;Landrecies
2023-2024;0596177U;privé sous contrat;108.4;50.63445759446208,3.06902154747252;Collège privé Sainte Claire;Lille;059;Nord;59350;Lille
2023-2024;0620021L;public;76.0;50.50657276230646,2.4645395665443663;Collège Sévigné;Lille;062;Pas-de-Calais;62048;Auchel
2023-2024;0620195A;public;96.1;50.5853491351186,2.407876354791568;Collège Bernard Chochoy;Lille;062;Pas-de-Calais;62620;Norrent-Fontes
2023-2024;0590002G;public;82.0;50.33181566173207,3.247760687010971;Collège Théodore Monod;Lille;059;Nord;59008;Aniche
2023-2024;0595277R;public;78.6;50.12524217659558,3.421170555940896;Collège Jacques Prévert;Lille;059;Nord;59139;Caudry
2023-2024;0620088J;public;86.3;50.864755312754816,1.867720513867491;Collège Les Quatre Vents;Lille;062;Pas-de-Calais;62397;Guînes
2023-2024;0620219B;public;75.9;50.41874727709966,2.784470023003672;Collège Danielle Darras Riaumont;Lille;062;Pas-de-Calais;62510;Liévin
2023-2024;0622117P;privé sous contrat;130.2;50.463671602004325,1.7655622957323893;Collège privé Sainte Austreberthe;Lille;062;Pas-de-Calais;62588;Montreuil-sur-Mer
2023-2024;0622268D;public;82.7;50.4579458797513,2.622779628122749;Collège Jean Moulin;Lille;062;Pas-de-Calais;62083;Barlin
2023-2024;0622272H;public;85.3;50.50446731136025,2.501379879246545;Collège Emile Zola;Lille;062;Pas-de-Calais;62555;Marles-les-Mines
2023-2024;0593196D;public;103.6;50.61876767819437,3.1561295928053;Collège Arthur Rimbaud;Lille;059;Nord;59009;Villeneuve-d'Ascq
2023-2024;0596529B;public;88.8;50.375061829305764,3.2054296343625706;Collège Maurice Schumann;Lille;059;Nord;59456;Pecquencourt
2023-2024;0620096T;public;82.4;50.41155165553044,2.938790907188865;Collège Jean Macé;Lille;062;Pas-de-Calais;62427;Hénin-Beaumont
2023-2024;0622096S;public;96.0;50.817259140200996,1.7126997626864189;Collège Jean Rostand;Lille;062;Pas-de-Calais;62560;Marquise
2023-2024;0596860L;public;78.9;50.73096722790286,3.1303902796289336;Collège Lucie Aubrac;Lille;059;Nord;59599;Tourcoing
2023-2024;0592713D;public;106.7;51.03904196355942,2.3831006089342375;Collège Guilleminot;Lille;059;Nord;59183;Dunkerque
2023-2024;0593237Y;public;96.1;50.59900639074089,3.091456659932265;Collège Gernez Rieux;Lille;059;Nord;59507;Ronchin
2023-2024;0590159C;public;114.7;50.47035688880419,3.2396793057798456;Collège du Pévèle;Lille;059;Nord;59449;Orchies
2023-2024;0594309N;public;71.4;50.253684615272356,3.901209519412997;Collège Pierre de Ronsard;Lille;059;Nord;59291;Hautmont
2023-2024;0595389M;privé sous contrat;125.7;51.033225295478196,2.382859747635268;Collège privé Notre-Dame des Dunes;Lille;059;Nord;59183;Dunkerque
2023-2024;0623918X;public;74.0;50.954023876546394,1.8869197286561832;Collège Martin Luther King;Lille;062;Pas-de-Calais;62193;Calais
2023-2024;0622135J;privé sous contrat;105.4;50.66807707757369,1.835569725493247;Collège privé Saint Joseph;Lille;062;Pas-de-Calais;62268;Desvres
2023-2024;0590142J;public;112.6;50.40570807072044,3.287370497251291;Collège Marguerite Yourcenar;Lille;059;Nord;59375;Marchiennes
2023-2024;0594538M;public;87.1;50.095158322880415,4.006865513112936;Collège Jean Rostand;Lille;059;Nord;59525;Sains-du-Nord
2023-2024;0622093N;public;91.5;50.73703528790606,2.300609849590099;Collège Pierre Mendès France;Lille;062;Pas-de-Calais;62040;Arques
2023-2024;0592924H;privé sous contrat;109.4;50.29775936616095,3.7931281724438533;Collège privé Notre-Dame de L'Assomption;Lille;059;Nord;59053;Bavay
2023-2024;0595337F;public;80.3;50.099125633511356,3.5324106161619833;Collège Jean Rostand;Lille;059;Nord;59136;Le Cateau-Cambrésis
2023-2024;0593494C;public;88.1;51.01693601648694,2.3900903125484936;Collège Boris Vian;Lille;059;Nord;59155;Coudekerque-Branche
2023-2024;0622943M;public;82.8;50.41517287550865,3.0152801884425764;Collège Adulphe Delegorgue;Lille;062;Pas-de-Calais;62249;Courcelles-lès-Lens
2023-2024;0590103S;public;91.8;50.717482139224366,2.529540189704659;Collège Fernande Benoist;Lille;059;Nord;59295;Hazebrouck
2023-2024;0590179Z;public;106.6;51.03944431720388,2.4071702281218306;Collège Paul Machy;Lille;059;Nord;59183;Dunkerque
2023-2024;0593168Y;public;126.9;50.63974827214583,3.066700292621803;Collège international Carnot;Lille;059;Nord;59350;Lille
2023-2024;0590057S;public;125.8;50.571517624370635,3.214139764921509;Collège Paul Eluard;Lille;059;Nord;59168;Cysoing
2023-2024;0593155J;privé sous contrat;119.3;50.35460596601691,3.5140701106417165;Collège privé Saint Jean-Baptiste de La Salle;Lille;059;Nord;59606;Valenciennes
2023-2024;0594866U;public;131.1;50.519627270223545,3.112430368530551;Collège Françoise Dolto;Lille;059;Nord;59466;Pont-à-Marcq
2023-2024;0590046E;public;81.1;50.126760222561636,3.4039695542541724;Collège Jean Monnet;Lille;059;Nord;59139;Caudry
2023-2024;0592901H;privé sous contrat;121.2;50.66847009944456,2.9771094874562762;Collège privé Sainte Marie;Lille;059;Nord;59457;Pérenchies
2023-2024;0593658F;public;94.8;50.652658361725656,3.065119524583582;Collège Yvonne Abbas;Lille;059;Nord;59368;La Madeleine
2023-2024;0592830F;public;86.1;50.60722395909997,3.063599555138808;Collège Jean Zay;Lille;059;Nord;59220;Faches-Thumesnil
2023-2024;0593254S;public;67.9;50.290125601829985,3.9636805802247674;Collège Jules Verne;Lille;059;Nord;59392;Maubeuge
2023-2024;0623018U;public;85.3;50.47531115423204,2.9906698743988436;Collège Louis Pasteur;Lille;062;Pas-de-Calais;62637;Oignies
2023-2024;0620156H;public;99.1;50.48868559827195,2.404010648847953;Collège du Bellimont;Lille;062;Pas-de-Calais;62652;Pernes
2023-2024;0620180J;public;84.2;50.49557185372062,2.8643399654717037;Collège Léon Blum;Lille;062;Pas-de-Calais;62895;Wingles
2023-2024;0593145Y;privé sous contrat;137.6;50.55542622598174,3.032630662297361;Collège privé Immaculée Conception;Lille;059;Nord;59560;Seclin
2023-2024;0594288R;public;69.4;50.60615198731221,3.0462601560354328;Collège Louise Michel;Lille;059;Nord;59350;Lille
2023-2024;0622423X;public;75.7;50.4310641266138,2.9319693624659204;Collège Youri Gagarine;Lille;062;Pas-de-Calais;62587;Montigny-en-Gohelle
2023-2024;0592900G;privé sous contrat;133.0;50.47822033632278,3.2432897541631776;Collège privé Notre-Dame de La Providence;Lille;059;Nord;59449;Orchies
2023-2024;0594644C;public;94.3;50.364495736345354,3.55778945950352;Collège Lavoisier;Lille;059;Nord;59544;Saint-Saulve
2023-2024;0620123X;public;92.0;50.45701667971794,2.7957198521998277;Collège René Cassin;Lille;062;Pas-de-Calais;62528;Loos-en-Gohelle
2023-2024;0590200X;public;83.0;51.03061093896889,2.351990212137265;Collège Robespierre;Lille;059;Nord;59183;Dunkerque
2023-2024;0592933T;privé sous contrat;121.7;50.96742445544726,2.434499744658322;Collège privé Saint Winoc;Lille;059;Nord;59067;Bergues
2023-2024;0594523W;public;103.3;50.64140987868975,2.9903228887018427;Collège Guy Mollet;Lille;059;Nord;59350;Lille
2023-2024;0594524X;public;75.5;50.59193523772984,3.045949585843362;Collège Jean Moulin;Lille;059;Nord;59648;Wattignies
2023-2024;0622435K;public;89.9;50.42293790027999,1.8974193748602202;Collège Belrem;Lille;062;Pas-de-Calais;62100;Beaurainville
2023-2024;0593488W;public;89.5;50.158508690819055,3.263580630801944;Collège Lamartine;Lille;059;Nord;59122;Cambrai
2023-2024;0593676A;public;93.0;50.1954870718211,3.3913202852027626;Collège Paul Langevin;Lille;059;Nord;59037;Avesnes-les-Aubert
2023-2024;0595163S;public;101.8;50.6425747235052,3.023230122382464;Collège Lavoisier;Lille;059;Nord;59328;Lambersart
2023-2024;0622579S;public;106.3;50.41074383810004,2.7535600562013918;Collège Jean Vilar;Lille;062;Pas-de-Calais;62032;Angres
2023-2024;0593154H;privé sous contrat;111.6;50.36088999631218,3.5212706887280376;Collège privé Sainte Marie;Lille;059;Nord;59606;Valenciennes
2023-2024;0596059R;public;100.8;50.61329692560199,2.9917401992710855;Collège Jules Ferry;Lille;059;Nord;59286;Haubourdin
2023-2024;0596846W;privé sous contrat;117.9;50.722809187536605,3.148580063298259;Collège privé Sacré Coeur - Saint Thomas;Lille;059;Nord;59599;Tourcoing
2023-2024;0622091L;public;104.7;50.62044913885898,2.5366194629407954;Collège Georges Brassens;Lille;062;Pas-de-Calais;62770;Saint-Venant
2023-2024;0622792Y;public;94.5;50.47790567477626,2.860990357056119;Collège Bracke Desrousseaux;Lille;062;Pas-de-Calais;62842;Vendin-le-Vieil
2023-2024;0594533G;public;75.5;50.314703750485606,3.3554093031083663;Collège Voltaire;Lille;059;Nord;59361;Lourches
2023-2024;0620198D;public;79.3;50.47547424442204,2.558440656583557;Collège Albert Camus;Lille;062;Pas-de-Calais;62178;Bruay-la-Buissière
2023-2024;0623573X;privé sous contrat;130.9;50.727305261437465,1.6255605753803088;Collège privé Nazareth;Lille;062;Pas-de-Calais;62758;Saint-Martin-Boulogne
2023-2024;0590007M;public;90.4;50.36562803338223,3.476989834504741;Collège Pierre-Gilles de Gennes;Lille;059;Nord;59459;Petite-Forêt
2023-2024;0593667R;public;63.7;50.701429666195004,3.1864605337728373;Collège Rosa Parks;Lille;059;Nord;59512;Roubaix
2023-2024;0594392D;public;86.6;50.70934262131982,3.2378495967709715;Collège Pablo Néruda;Lille;059;Nord;59650;Wattrelos
2023-2024;0620055Y;public;64.4;50.733725140619015,1.6185600819517356;Collège Paul Langevin;Lille;062;Pas-de-Calais;62160;Boulogne-sur-Mer
2023-2024;0623570U;privé sous contrat;117.8;50.94496373289567,1.8583213564747443;Collège privé Saint Pierre;Lille;062;Pas-de-Calais;62193;Calais
2023-2024;0594293W;public;72.9;50.723100630457324,3.168440278617063;Collège Albert Roussel;Lille;059;Nord;59599;Tourcoing
2023-2024;0594294X;public;80.8;50.64897069452894,2.638800542120294;Collège Henri Dunant;Lille;059;Nord;59400;Merville
2023-2024;0593663L;public;72.8;51.02822808170235,2.331560244588171;Collège Jean Deconinck;Lille;059;Nord;59183;Dunkerque
2023-2024;0594415D;public;94.1;50.2070353452752,3.8123904040858796;Collège Gilles de Chin;Lille;059;Nord;59068;Berlaimont
2023-2024;0595596M;public;87.5;50.99319077559097,2.225009650069569;Collège Jean Rostand;Lille;059;Nord;59359;Loon-Plage
2023-2024;0623574Y;privé sous contrat;114.8;50.75402602776089,2.2559104276682307;Collège privé Notre-Dame de Sion;Lille;062;Pas-de-Calais;62765;Saint-Omer
2023-2024;0620051U;public;76.5;50.7211009818125,1.6093893504615437;Collège Angellier;Lille;062;Pas-de-Calais;62160;Boulogne-sur-Mer
2023-2024;0595177G;public;77.1;50.01066928717324,4.042290607143839;Collège Camille Claudel;Lille;059;Nord;59249;Fourmies
2023-2024;0593171B;privé sous contrat;119.3;50.1675522063398,3.235499412182975;Collège privé Saint Luc Jeanne d'Arc;Lille;059;Nord;59122;Cambrai
2023-2024;0595170Z;public;98.9;50.73117704127288,2.5290609979501575;Collège des Flandres;Lille;059;Nord;59295;Hazebrouck
2023-2024;0592950L;privé sous contrat;117.5;50.531791012819646,2.800499988934632;Collège privé Notre-Dame;Lille;059;Nord;59051;La Bassée
2023-2024;0593227M;public;117.3;50.67807490650264,3.0859402558333904;Collège du Lazaro;Lille;059;Nord;59378;Marcq-en-Baroeul
2023-2024;0595286A;privé sous contrat;153.0;50.63367071062751,3.0499598984055405;Collège privé Saint Paul;Lille;059;Nord;59350;Lille
2023-2024;0622123W;privé sous contrat;102.7;50.852534299793454,1.9780544837060388;Collège privé Notre-Dame de Grâce;Lille;062;Pas-de-Calais;62038;Ardres
2023-2024;0622581U;public;83.4;50.42149494047896,2.9431206699958947;Collège Gérard Philipe;Lille;062;Pas-de-Calais;62427;Hénin-Beaumont
2023-2024;0622799F;public;81.9;50.567034279137644,2.4807895586763813;Collège Léo Lagrange;Lille;062;Pas-de-Calais;62516;Lillers
2023-2024;0592889V;privé sous contrat;136.3;50.58895043145214,3.116759838764182;Collège privé Charlemagne;Lille;059;Nord;59343;Lesquin
2023-2024;0595167W;public;82.6;50.67987287899336,3.1686397575894043;Collège Baudelaire;Lille;059;Nord;59512;Roubaix
2023-2024;0592733A;public;83.4;50.361493240837355,3.085579742225807;Collège André Streinger;Lille;059;Nord;59178;Douai
2023-2024;0593123Z;privé sous contrat;106.8;50.98810323447216,2.1251792928760307;Collège privé Saint Joseph;Lille;059;Nord;59273;Gravelines
2023-2024;0593125B;privé sous contrat;101.8;50.782033591394054,3.122910706210094;Collège privé Sacré-Coeur;Lille;059;Nord;59279;Halluin
2023-2024;0593163T;privé sous contrat;110.7;50.87990917737845,2.4634302799363463;Collège privé Sainte Union Cœur de Flandre;Lille;059;Nord;59663;Wormhout
2023-2024;0593198F;privé sous contrat;111.8;50.65687147188959,3.135390066643664;Collège privé Communautaire;Lille;059;Nord;59009;Villeneuve-d'Ascq
2023-2024;0594397J;public;79.8;50.68779925676303,2.866820491853828;Collège Jean Rostand;Lille;059;Nord;59017;Armentières
2023-2024;0595390N;privé sous contrat;95.4;50.009224390857845,4.050339807198157;Collège privé Saint Pierre;Lille;059;Nord;59249;Fourmies
2023-2024;0595782P;public;75.0;51.01131527401728,2.3041700698011334;Collège du Moulin;Lille;059;Nord;59271;Grande-Synthe
2023-2024;0622797D;public;99.2;50.539916212912246,2.6217102527681235;Collège Liberté;Lille;062;Pas-de-Calais;62035;Annezin
2023-2024;0595168X;public;69.3;50.681280837629195,3.2072199693145738;Collège Maxence Van Der Meersch;Lille;059;Nord;59512;Roubaix
2023-2024;0592905M;privé sous contrat;84.5;50.69627919052339,3.176438601810453;Collège privé Sainte Marie;Lille;059;Nord;59512;Roubaix
2023-2024;0594291U;public;118.1;50.65812261218345,3.146320362761172;Collège Molière;Lille;059;Nord;59009;Villeneuve-d'Ascq
2023-2024;0594410Y;public;102.9;50.49682643022259,3.4521995558918843;Collège Fernig;Lille;059;Nord;59418;Mortagne-du-Nord
2023-2024;0620036C;public;85.8;50.400388718354385,1.5639800130381238;Collège Jean Moulin;Lille;062;Pas-de-Calais;62108;Berck
2023-2024;0594303G;public;78.5;50.40095515303546,3.657790588229318;Collège Jehan Froissart;Lille;059;Nord;59484;Quiévrechain
2023-2024;0620119T;public;78.0;50.43556699322092,2.7557494341030004;Collège Pierre et Marie Curie;Lille;062;Pas-de-Calais;62510;Liévin
2023-2024;0594299C;public;68.5;50.33072586542027,3.3954403591508777;Collège Turgot;Lille;059;Nord;59172;Denain
2023-2024;0590006L;public;75.9;50.37346121465078,3.5010114530765613;Collège Les Rochambelles;Lille;059;Nord;59014;Anzin
2023-2024;0593134L;privé sous contrat;134.1;50.65255662403136,3.0230893479435217;Collège privé Dominique Savio;Lille;059;Nord;59328;Lambersart
2023-2024;0593185S;public;73.2;50.361329331555964,3.114949443162363;Collège Anatole France;Lille;059;Nord;59569;Sin-le-Noble
2023-2024;0593226L;public;127.0;50.6485074220452,3.028000828003354;Collège Anne Frank;Lille;059;Nord;59328;Lambersart
2023-2024;0594411Z;public;109.1;50.44207143219327,3.40937958634235;Collège Moulin Blanc;Lille;059;Nord;59526;Saint-Amand-les-Eaux
2023-2024;0592890W;privé sous contrat;90.5;50.6163898548658,3.0256794624564773;Collège privé Saint Joseph;Lille;059;Nord;59350;Lille
2023-2024;0596801X;privé sous contrat;96.3;50.58415844297129,2.889789335618925;Collège privé Ressources Saint Jacques;Lille;059;Nord;59250;Fournes-en-Weppes
2023-2024;0620170Y;public;74.7;50.413317684274226,2.862969385858147;Collège Joséphine Baker;Lille;062;Pas-de-Calais;62771;Sallaumines
2023-2024;0595597N;public;116.6;50.58102608017054,3.0439605651858455;Collège Voltaire;Lille;059;Nord;59648;Wattignies
2023-2024;0622084D;public;100.4;50.32940314377099,2.9929899978489933;Collège Pablo Neruda;Lille;062;Pas-de-Calais;62865;Vitry-en-Artois
2023-2024;0593479L;public;102.1;50.96659100576805,2.4322903561075293;Collège Wenceslas Cobergher;Lille;059;Nord;59067;Bergues
2023-2024;0594389A;public;65.7;50.6940448027289,3.1758006508446877;Collège Anne Frank;Lille;059;Nord;59512;Roubaix
2023-2024;0596694F;public;86.9;50.19848109922283,3.834749442751117;Collège Félix del Marle;Lille;059;Nord;59033;Aulnoye-Aymeries
2023-2024;0594409X;public;70.5;50.42078147044804,3.5518399557173934;Collège Jean Zay;Lille;059;Nord;59207;Escautpont
2023-2024;0622143T;privé sous contrat;116.0;50.812254344116965,1.7136896558823846;Collège privé Saint Martin;Lille;062;Pas-de-Calais;62560;Marquise
2023-2024;0593487V;public;89.0;50.17396793599496,3.225749719228612;Collège Jules Ferry;Lille;059;Nord;59122;Cambrai
2023-2024;0595400Z;privé sous contrat;130.7;50.449108880442374,3.425189960211995;Collège privé Notre-Dame des Anges;Lille;059;Nord;59526;Saint-Amand-les-Eaux
2023-2024;0622425Z;public;86.6;50.515728942107174,2.6302301996805917;Collège Paul Verlaine;Lille;062;Pas-de-Calais;62119;Béthune
2023-2024;0590087Z;public;97.1;50.05717546786334,3.1281674339819734;Collège Pharamond Savary;Lille;059;Nord;59269;Gouzeaucourt
2023-2024;0590271Z;public;81.3;50.61075822667113,3.070130015934418;Collège Paul Verlaine;Lille;059;Nord;59350;Lille
2023-2024;0593143W;privé sous contrat;90.9;51.029085472290284,2.34529961810546;Collège privé Sacré-Coeur;Lille;059;Nord;59183;Dunkerque
2023-2024;0593152F;privé sous contrat;82.8;50.728557164837596,3.1560403988608905;Collège privé Cardinal Liénart;Lille;059;Nord;59599;Tourcoing
2023-2024;0593246H;public;84.0;50.68857024739166,2.89093017010974;Collège Desrousseaux;Lille;059;Nord;59017;Armentières
2023-2024;0594879H;public;84.1;50.01822260004242,4.06094930878839;Collège Joliot-Curie;Lille;059;Nord;59249;Fourmies
2023-2024;0595394T;privé sous contrat;131.9;50.64130218439639,3.067470088930819;Collège privé Notre-Dame de La Paix;Lille;059;Nord;59350;Lille
2023-2024;0622950V;public;99.8;50.63854302372153,1.7492796446594412;Collège Le Trion;Lille;062;Pas-de-Calais;62773;Samer
2023-2024;0593181M;public;86.4;50.99827512811122,2.3588498284131214;Collège Maxence Van Der Meersch;Lille;059;Nord;59131;Cappelle-la-Grande
2023-2024;0590062X;public;73.8;50.322759863935794,3.395299511847835;Collège Villars;Lille;059;Nord;59172;Denain
2023-2024;0594638W;public;98.3;50.6874893834522,2.9184296508224232;Collège Roger Salengro;Lille;059;Nord;59317;Houplines
2023-2024;0595360F;privé sous contrat;141.9;50.60188630055761,2.918750518757317;Collège privé Sainte Marie;Lille;059;Nord;59056;Beaucamps-Ligny
2023-2024;0620024P;public;91.5;50.87715138021697,2.0697094187709673;Collège du Bredenarde;Lille;062;Pas-de-Calais;62057;Audruicq
2023-2024;0622873L;public;100.3;50.94314290988881,1.9515199637415732;Collège Boris Vian;Lille;062;Pas-de-Calais;62548;Marck
2023-2024;0592634T;public;82.2;50.24532696812899,3.909300273180787;Collège Antoine de Saint-Exupéry - Auguste Périer;Lille;059;Nord;59291;Hautmont
2023-2024;0622085E;public;93.9;50.43887615919263,3.054589523121761;Collège Paul Duez;Lille;062;Pas-de-Calais;62497;Leforest
2023-2024;0622273J;public;68.3;50.954987926866636,1.8989393922124258;Collège Lucien Vadez;Lille;062;Pas-de-Calais;62193;Calais
2023-2024;0622299M;public;104.6;50.76618299919516,1.6189197376558497;Collège Pilâtre de Rozier;Lille;062;Pas-de-Calais;62894;Wimille
2023-2024;0595388L;privé sous contrat;83.6;51.01787217536758,2.3082705004130344;Collège privé René Bonpain;Lille;059;Nord;59271;Grande-Synthe
2023-2024;0593992U;public;109.2;50.80848584339924,2.5891693415535046;Collège Antoine de Saint-Exupéry;Lille;059;Nord;59580;Steenvoorde
2023-2024;0622132F;privé sous contrat;104.7;50.17621209808866,3.1148499800751877;Collège privé Saint Joseph;Lille;062;Pas-de-Calais;62164;Bourlon
2023-2024;0623115Z;public;94.2;50.67393534528132,1.631019792325546;Collège Paul Eluard;Lille;062;Pas-de-Calais;62746;Saint-Etienne-au-Mont
2023-2024;0595630Z;privé sous contrat;105.2;50.66926504570404,3.184409315166172;Collège privé Saint Paul;Lille;059;Nord;59299;Hem
2023-2024;0620026S;public;95.8;50.27313642826175,2.5227499843981085;Collège du Val du Gy;Lille;062;Pas-de-Calais;62063;Avesnes-le-Comte
2023-2024;0594632P;public;88.7;50.661150305771635,3.187780607305509;Collège Raymond Devos;Lille;059;Nord;59299;Hem
2023-2024;0622947S;public;94.6;50.529725801612535,2.645259432715609;Collège George Sand;Lille;062;Pas-de-Calais;62119;Béthune
2023-2024;0620194Z;public;92.2;50.783279107412724,1.9449299723474234;Collège Jean Rostand;Lille;062;Pas-de-Calais;62506;Licques
2023-2024;0620196B;public;84.3;50.95260540409165,1.8562901901170819;Collège Jean Jaurès;Lille;062;Pas-de-Calais;62193;Calais
2023-2024;0622119S;privé sous contrat;101.8;50.74867790656738,2.2597959069389364;Collège privé Saint Bertin;Lille;062;Pas-de-Calais;62765;Saint-Omer
2023-2024;0593486U;public;75.1;50.43703364705557,3.571800073022058;Collège Félicien Joly;Lille;059;Nord;59253;Fresnes-sur-Escaut
2023-2024;0620172A;public;102.0;50.636627436382994,2.252459789957055;Collège François Mitterrand;Lille;062;Pas-de-Calais;62811;Thérouanne
2023-2024;0593231S;public;100.4;50.535220245931804,2.8111599077333573;Collège Albert Schweitzer;Lille;059;Nord;59051;La Bassée
2023-2024;0620165T;public;99.3;50.75259992362606,2.2467630129949914;Collège Esplanade;Lille;062;Pas-de-Calais;62765;Saint-Omer
2023-2024;0622108E;privé sous contrat;119.4;50.42062145251453,2.668040560751657;Collège privé Saint François;Lille;062;Pas-de-Calais;62170;Bouvigny-Boyeffles
2023-2024;0594645D;public;99.7;50.30456341813654,3.459229398720995;Collège Jean-Jacques Rousseau;Lille;059;Nord;59589;Thiant
2023-2024;0622951W;public;99.9;50.45543110428306,1.7575896262443562;Collège du Bras d'Or;Lille;062;Pas-de-Calais;62588;Montreuil-sur-Mer
2023-2024;0620039F;public;88.4;50.08837894809274,2.9812501868009518;Collège Jacques-Yves Cousteau;Lille;062;Pas-de-Calais;62117;Bertincourt
2023-2024;0595383F;privé sous contrat;102.1;50.19956464093505,3.8301602304149935;Collège privé Sainte Jeanne d'Arc;Lille;059;Nord;59033;Aulnoye-Aymeries
2023-2024;0595404D;privé sous contrat;143.2;50.6283189898316,3.14895941190851;Collège privé Saint Adrien La Salle;Lille;059;Nord;59009;Villeneuve-d'Ascq
2023-2024;0622868F;public;74.0;50.440104907023624,2.7992097018058164;Collège Jean Jaurès;Lille;062;Pas-de-Calais;62498;Lens
2023-2024;0622574L;public;90.4;50.70561462940704,2.1146998548882547;Collège Albert Camus;Lille;062;Pas-de-Calais;62534;Lumbres
2023-2024;0590150T;public;97.5;50.280047313159926,3.9855703085094856;Collège Guillaume Budé;Lille;059;Nord;59392;Maubeuge
2023-2024;0593140T;privé sous contrat;104.7;50.72472928748168,3.154585172320493;Collège privé Notre-Dame Immaculée;Lille;059;Nord;59599;Tourcoing
2023-2024;0595993U;privé sous contrat;146.1;50.690549419752486,3.121119875573242;Collège privé Jeannine Manuel;Lille;059;Nord;59378;Marcq-en-Baroeul
2023-2024;0593490Y;public;105.4;50.29514389909433,3.8026802795568;Collège Jean Lemaire de Belges;Lille;059;Nord;59053;Bavay
2023-2024;0622795B;public;94.4;50.4124297788558,2.9586434580044747;Collège François Rabelais;Lille;062;Pas-de-Calais;62427;Hénin-Beaumont
2023-2024;0593127D;privé sous contrat;108.3;50.61190203245722,2.9760125456062783;Collège privé La Sagesse;Lille;059;Nord;59286;Haubourdin
2023-2024;0593228N;public;113.8;50.65803418001006,3.0485498176203127;Collège Jean Moulin;Lille;059;Nord;59527;Saint-André-lez-Lille
2023-2024;0620047P;public;107.2;50.314186408645455,2.9411297719377694;Collège Germinal;Lille;062;Pas-de-Calais;62128;Biache-Saint-Vaast
2023-2024;0622100W;privé sous contrat;117.2;50.63987492080987,2.3986006385933534;Collège privé Sainte Marie;Lille;062;Pas-de-Calais;62014;Aire-sur-la-Lys
2023-2024;0594298B;public;99.9;50.354996614883795,3.0620302418370793;Collège André Malraux;Lille;059;Nord;59329;Lambres-lez-Douai
2023-2024;0622082B;public;102.1;50.28429765775309,2.784539757112145;Collège Marie Curie;Lille;062;Pas-de-Calais;62041;Arras
2023-2024;0622134H;privé sous contrat;123.7;50.49423564298234,2.9566696044868994;Collège privé Saint Druon;Lille;062;Pas-de-Calais;62215;Carvin
2023-2024;0622121U;privé sous contrat;111.5;50.38038661655527,2.3377303699610135;Collège privé Saint Louis;Lille;062;Pas-de-Calais;62767;Saint-Pol-sur-Ternoise
2023-2024;0622434J;public;88.5;50.727617613334296,1.6306095845429613;Collège Roger Salengro;Lille;062;Pas-de-Calais;62758;Saint-Martin-Boulogne
2023-2024;0622864B;public;101.2;50.27517239207419,2.7891502807308513;Collège François Mitterrand;Lille;062;Pas-de-Calais;62041;Arras
2023-2024;0590090C;public;91.4;50.98688621410387,2.137089920170622;Collège Pierre et Marie Curie;Lille;059;Nord;59273;Gravelines
2023-2024;0592715F;public;105.6;50.365060906353754,3.5320595657419096;Collège Charles Eisen;Lille;059;Nord;59606;Valenciennes
2023-2024;0622130D;privé sous contrat;107.3;50.726886411214906,1.6081500065715317;Collège privé Saint Joseph de Navarin;Lille;062;Pas-de-Calais;62160;Boulogne-sur-Mer
2023-2024;0622874M;public;85.3;50.71584944339516,2.231910192482097;Collège René Cassin;Lille;062;Pas-de-Calais;62902;Wizernes
2023-2024;0590107W;public;98.7;50.23296688119976,3.327169411828922;Collège Jean Moulin;Lille;059;Nord;59322;Iwuy
2023-2024;0592917A;privé sous contrat;150.1;50.678182975936785,3.167429374984203;Collège privé Jeanne d'Arc;Lille;059;Nord;59512;Roubaix
2023-2024;0593666P;public;106.1;51.05153241629934,2.4234896505024253;Collège Gaspard Malo;Lille;059;Nord;59183;Dunkerque
2023-2024;0597004T;public;79.3;50.61837243885932,3.064760509722426;Collège Miriam Makeba;Lille;059;Nord;59350;Lille
2023-2024;0620082C;public;90.2;50.60166097882675,2.100550431011966;Collège Monsigny;Lille;062;Pas-de-Calais;62325;Fauquembergues
2023-2024;0593660H;public;78.7;50.60889499400215,3.006710500148804;Collège René Descartes;Lille;059;Nord;59360;Loos
2023-2024;0622098U;public;84.5;50.4287649601296,2.918329570093103;Collège Emile Zola;Lille;062;Pas-de-Calais;62351;Fouquières-lès-Lens
2023-2024;0590164H;public;86.9;51.019704052139566,2.338029756501514;Collège Jean Zay;Lille;059;Nord;59183;Dunkerque
2023-2024;0593150D;privé sous contrat;82.9;50.73312731855424,3.1785703614570733;Collège privé Saint Gabriel;Lille;059;Nord;59599;Tourcoing
2023-2024;0593178J;public;72.9;50.641728868012265,3.1175204647683668;Collège François Rabelais;Lille;059;Nord;59410;Mons-en-Baroeul
2023-2024;0622136K;privé sous contrat;104.8;50.51382547224079,1.6417998303473476;Collège privé Saint Joseph;Lille;062;Pas-de-Calais;62318;Etaples
2023-2024;0590190L;public;64.4;50.68101814010843,3.1830697839593847;Collège Jean-Baptiste Lebas;Lille;059;Nord;59512;Roubaix
2023-2024;0594640Y;public;82.4;50.94458059613789,2.2003199174355488;Collège Jean Jaurès;Lille;059;Nord;59094;Bourbourg
2023-2024;0622095R;public;79.1;50.70825662279591,1.5844998448274454;Collège Jean Moulin;Lille;062;Pas-de-Calais;62667;Le Portel
2023-2024;0593182N;public;97.7;51.0188532063078,2.3750902211911415;Collège Jules Ferry;Lille;059;Nord;59155;Coudekerque-Branche
2023-2024;0622261W;public;79.0;50.27639042933437,2.2847005068762374;Collège Pierre Cuallacci;Lille;062;Pas-de-Calais;62361;Frévent
2023-2024;0593991T;public;121.8;50.58997542740828,3.1108169574698388;Collège Théodore Monod;Lille;059;Nord;59343;Lesquin
2023-2024;0594527A;public;100.1;50.72121768277546,3.082558159159032;Collège Maxence Van Der Meersch;Lille;059;Nord;59421;Mouvaux
2023-2024;0595399Y;privé sous contrat;105.9;50.276791021567234,3.9759099873260664;Collège privé Notre-Dame de Grâce;Lille;059;Nord;59392;Maubeuge
2023-2024;0622083C;public;113.6;50.288241617039034,2.7694352093198478;Collège Jehan Bodel;Lille;062;Pas-de-Calais;62041;Arras
2023-2024;0620079Z;public;79.2;50.47042647481198,2.4967699897743376;Collège Henri Wallon;Lille;062;Pas-de-Calais;62270;Divion
2023-2024;0623022Y;public;87.7;50.48562923086735,2.744179633314748;Collège Paul Eluard;Lille;062;Pas-de-Calais;62846;Vermelles
2023-2024;0594833H;privé sous contrat;111.3;50.750649636366525,3.1550201614689817;Collège privé Saint Joseph;Lille;059;Nord;59426;Neuville-en-Ferrain
2023-2024;0593474F;public;109.8;50.680405802996674,3.0678305726762205;Collège Professeur Albert Debeyre;Lille;059;Nord;59386;Marquette-lez-Lille
2023-2024;0592962Z;privé sous contrat;91.5;50.32233907825513,3.3820998025813425;Collège privé Jean Paul II;Lille;059;Nord;59172;Denain
2023-2024;0593251N;public;97.0;50.41353020793823,3.108330457286914;Collège Docteur Ernest Schaffner;Lille;059;Nord;59509;Roost-Warendin
2023-2024;0624343J;privé sous contrat;116.3;50.29440608237028,2.766420307606159;Collège privé Saint Vincent;Lille;062;Pas-de-Calais;62041;Arras
2023-2024;0597055Y;privé sous contrat;111.3;50.338378074987375,3.281920627015369;Collège privé Notre-Dame de la Renaissance;Lille;059;Nord;59574;Somain
2023-2024;0620004T;public;94.2;50.85129259607474,1.9758702718799537;Collège de L'Europe;Lille;062;Pas-de-Calais;62038;Ardres
2023-2024;0622128B;privé sous contrat;112.9;50.40462040664378,1.5618196929804524;Collège privé Notre-Dame;Lille;062;Pas-de-Calais;62108;Berck
2023-2024;0595712N;public;89.6;50.99529548371293,2.109440545763145;Collège Jean Monnet;Lille;059;Nord;59272;Grand-Fort-Philippe
2023-2024;0590050J;public;71.9;50.4584602905091,3.585310527359675;Collège Josquin des Prés;Lille;059;Nord;59153;Condé-sur-l'Escaut
2023-2024;0593673X;public;89.8;50.32898461946876,3.5209795152110686;Collège Madame d'Epinay;Lille;059;Nord;59032;Aulnoy-lez-Valenciennes
2023-2024;0596833G;public;81.5;50.624217470059136,3.0443905646572866;Collège Nina Simone;Lille;059;Nord;59350;Lille
2023-2024;0622097T;public;81.4;50.40309660977085,2.09708054059803;Collège Jean Rostand;Lille;062;Pas-de-Calais;62050;Auchy-lès-Hesdin
2023-2024;0593683H;public;96.7;50.11479324281707,3.2157101483116572;Collège Jacques Prévert;Lille;059;Nord;59389;Masnières
2023-2024;0594168K;public;87.2;50.29266344220489,3.9204097660583948;Collège Jean Zay;Lille;059;Nord;59225;Feignies
2023-2024;0623572W;privé sous contrat;133.6;50.73675598497991,2.243659848691866;Collège privé La Malassise;Lille;062;Pas-de-Calais;62525;Longuenesse
2023-2024;0623865P;public;110.0;50.956178611815155,1.8170695183429149;Collège Louis Blériot;Lille;062;Pas-de-Calais;62774;Sangatte
2023-2024;0590109Y;public;70.6;50.29315859345641,4.105949712670817;Collège Eugène Thomas;Lille;059;Nord;59324;Jeumont
2023-2024;0590228C;public;90.8;50.07482514571605,3.341450544534616;Collège François Villon;Lille;059;Nord;59631;Walincourt-Selvigny
2023-2024;0592930P;privé sous contrat;120.4;50.739086043548625,2.7297706785714615;Collège privé Immaculée Conception;Lille;059;Nord;59043;Bailleul
2023-2024;0593668S;public;102.7;50.74973221349122,3.1268566285505814;Collège Paul Eluard;Lille;059;Nord;59508;Roncq
2023-2024;0622427B;public;113.9;50.62531607769132,2.7703600810577025;Collège du Pays de L'Alloeu;Lille;062;Pas-de-Calais;62491;Laventie
2023-2024;0594297A;public;80.3;50.412707862648475,3.0535806066000877;Collège Victor Hugo;Lille;059;Nord;59028;Auby
2023-2024;0594408W;public;74.4;50.3955694812591,3.4816293075127525;Collège Germinal;Lille;059;Nord;59491;Raismes
2023-2024;0622142S;privé sous contrat;106.5;50.70659507806732,2.1226204732822183;Collège privé Notre-Dame;Lille;062;Pas-de-Calais;62534;Lumbres
2023-2024;0622420U;public;75.0;50.39828810131777,2.838520306506523;Collège Paul Langevin;Lille;062;Pas-de-Calais;62065;Avion
2023-2024;0622871J;public;88.5;50.46188878086681,2.5449694761045163;Collège Jacques Prévert;Lille;062;Pas-de-Calais;62457;Houdain
2023-2024;0590031N;public;76.2;50.399192131331574,3.545290512818122;Collège Jean Macé;Lille;059;Nord;59112;Bruay-sur-l'Escaut
2023-2024;0590088A;public;77.2;51.020127902647296,2.3046996668512616;Collège Jules Verne;Lille;059;Nord;59271;Grande-Synthe
2023-2024;0622424Y;public;75.9;50.45108347226466,2.7378298991850905;Collège Langevin-Wallon;Lille;062;Pas-de-Calais;62386;Grenay
2023-2024;0622576N;public;66.4;50.94828933426335,1.8331704068499097;Collège Vauban;Lille;062;Pas-de-Calais;62193;Calais
2023-2024;0623322Z;public;92.4;50.42905572095348,2.9941200896855036;Collège Anne Frank;Lille;062;Pas-de-Calais;62274;Dourges
2023-2024;0594394F;public;80.2;50.718868994902444,3.1545501387874855;Collège Marie Curie;Lille;059;Nord;59599;Tourcoing
2023-2024;0622109F;privé sous contrat;109.8;50.94370747228479,1.8527994308888607;Collège privé Jeanne d'Arc;Lille;062;Pas-de-Calais;62193;Calais
2023-2024;0622262X;public;82.4;50.41020311287875,2.877100390185131;Collège Henri Wallon;Lille;062;Pas-de-Calais;62570;Méricourt
2023-2024;0623569T;privé sous contrat;129.8;50.533703979174014,2.641879712339206;Collège privé Saint Vaast-Saint Dominique;Lille;062;Pas-de-Calais;62119;Béthune
2023-2024;0620154F;public;89.1;50.70255080268576,1.5914034040436627;Collège Albert Camus;Lille;062;Pas-de-Calais;62643;Outreau
2023-2024;0622112J;privé sous contrat;105.0;50.516021687633,2.1370106629363272;Collège privé Saint Bertulphe;Lille;062;Pas-de-Calais;62364;Fruges
2023-2024;0595656C;public;111.2;50.639299202164814,3.1589495398639804;Collège Camille Claudel;Lille;059;Nord;59009;Villeneuve-d'Ascq
2023-2024;0593476H;public;111.4;50.59610598148052,3.0720398652486036;Collège Jean Mermoz;Lille;059;Nord;59220;Faches-Thumesnil
2023-2024;0594287P;public;112.5;50.65706606446519,3.0948799749375424;Collège Rouges Barres;Lille;059;Nord;59378;Marcq-en-Baroeul
2023-2024;0595402B;privé sous contrat;126.3;50.37595904877808,3.553120400680678;Collège privé Notre-Dame;Lille;059;Nord;59544;Saint-Saulve
2023-2024;0590131X;public;76.0;50.64124280357082,3.011501851353845;Collège Jean Jaurès;Lille;059;Nord;59350;Lille
2023-2024;0594386X;public;104.5;50.61483502539845,2.976610619776166;Collège Le Parc;Lille;059;Nord;59286;Haubourdin
2023-2024;0594412A;public;82.0;50.46468284594241,3.566440487065162;Collège Jean Jaurès;Lille;059;Nord;59616;Vieux-Condé
2023-2024;0595190W;public;75.6;50.40191279499383,3.124549464711073;Collège Gayant;Lille;059;Nord;59178;Douai
2023-2024;0623023Z;public;92.7;50.66775545426103,1.8275193451698724;Collège du Caraquet;Lille;062;Pas-de-Calais;62268;Desvres
2023-2024;0593217B;privé sous contrat;99.6;50.72016588541881,3.151410525301725;Collège privé Charles Péguy;Lille;059;Nord;59599;Tourcoing
2023-2024;0595166V;public;124.8;50.54306193496924,2.9760594502681053;Collège Hergé;Lille;059;Nord;59266;Gondecourt
2023-2024;0595176F;public;87.7;50.11845078112309,3.9406493271130003;Collège Renaud-Barrault;Lille;059;Nord;59035;Avesnelles
2023-2024;0620016F;public;109.3;50.35013583771473,2.5886699332955727;Collège Jean Monnet;Lille;062;Pas-de-Calais;62045;Aubigny-en-Artois
2023-2024;0590151U;public;87.9;50.27794947812394,3.971009768841562;Collège Ernest Coutelle;Lille;059;Nord;59392;Maubeuge
2023-2024;0590183D;public;67.4;50.693177620016684,3.164919554423088;Collège Madame de Sévigné;Lille;059;Nord;59512;Roubaix
2023-2024;0593132J;privé sous contrat;97.1;50.295646416314426,4.103789326111633;Collège privé Sainte Bernadette;Lille;059;Nord;59324;Jeumont
2023-2024;0620130E;public;93.4;50.20925634002819,3.0846299930795484;Collège des Marches de l'Artois;Lille;062;Pas-de-Calais;62559;Marquion
2023-2024;0593149C;privé sous contrat;97.1;50.72559677272824,3.1338694302671253;Collège privé Charles de Foucauld;Lille;059;Nord;59599;Tourcoing
2023-2024;0594418G;public;74.3;50.3030779347669,4.090250109750892;Collège Charles de Gaulle;Lille;059;Nord;59324;Jeumont
2023-2024;0594881K;public;86.5;50.63901029289493,3.084840391287406;Collège Martha Desrumaux;Lille;059;Nord;59350;Lille
2023-2024;0622087G;public;80.6;50.46164187069234,2.7194599930897345;Collège Blaise Pascal;Lille;062;Pas-de-Calais;62563;Mazingarbe
2023-2024;0623919Y;public;86.3;50.4968304789591,2.9759097447360388;Collège Léonard de Vinci;Lille;062;Pas-de-Calais;62215;Carvin
2023-2024;0590030M;public;99.1;51.07081620306653,2.5132403618887618;Collège du Septentrion;Lille;059;Nord;59107;Bray-Dunes
2023-2024;0593235W;public;90.9;50.63057676788112,3.0941300893778436;Collège Boris Vian;Lille;059;Nord;59350;Lille
2023-2024;0596988A;public;104.8;50.69509445056544,2.851530298837395;Collège Jeanne de Constantinople;Lille;059;Nord;59431;Nieppe
2023-2024;0593678C;public;88.2;50.37400098091182,3.3984184071598618;Collège Jean Moulin;Lille;059;Nord;59632;Wallers
2023-2024;0593686L;public;71.6;50.26333776604779,3.9650896805773166;Collège Jacques Brel;Lille;059;Nord;59365;Louvroil
2023-2024;0594401N;public;100.1;50.28398626566773,3.0993299444221893;Collège Val de La Sensée;Lille;059;Nord;59015;Arleux
2023-2024;0594295Y;public;82.6;51.02609343403172,2.3948734187132454;Collège du Westhoek;Lille;059;Nord;59155;Coudekerque-Branche
2023-2024;0593177H;public;85.3;50.64774962781398,2.9855001431691313;Collège Jean Zay;Lille;059;Nord;59350;Lille
2023-2024;0594402P;public;73.5;50.38556769775681,3.0743805506245514;Collège André Canivez;Lille;059;Nord;59178;Douai
2023-2024;0595757M;public;92.1;50.6429942905723,2.7055896378076194;Collège Henri Durez;Lille;059;Nord;59212;Estaires
2023-2024;0593239A;public;97.5;50.68344141187111,3.14996066957436;Collège Boris Vian;Lille;059;Nord;59163;Croix
2023-2024;0593680E;public;66.3;50.355747136749194,3.5038220362532377;Collège Joséphine Baker;Lille;059;Nord;59606;Valenciennes
2023-2024;0596172N;public;99.9;50.738450204911544,3.0866603103037034;Collège Henri Matisse;Lille;059;Nord;59352;Linselles
2023-2024;0620097U;public;92.6;50.44641614050594,2.6433404163683143;Collège Romain Rolland;Lille;062;Pas-de-Calais;62443;Hersin-Coupigny
2023-2024;0620197C;public;92.1;50.43669738917831,2.724259575121028;Collège Anita Conti;Lille;062;Pas-de-Calais;62186;Bully-les-Mines
2023-2024;0594304H;public;89.1;50.45062444729204,3.432100353409098;Collège Marie Curie;Lille;059;Nord;59526;Saint-Amand-les-Eaux
2023-2024;0620099W;public;86.0;50.37018206962238,2.0392502614145864;Collège des 7 Vallées;Lille;062;Pas-de-Calais;62447;Hesdin
2023-2024;0595385H;privé sous contrat;142.1;50.71990834421268,3.109499868205024;Collège privé La Croix Blanche;Lille;059;Nord;59090;Bondues
2023-2024;0622129C;privé sous contrat;123.7;50.52884968324221,2.6433533633627184;Collège privé Sainte-Famille;Lille;062;Pas-de-Calais;62119;Béthune
2023-2024;0590224Y;public;104.3;50.36055942062598,3.518971221639622;Collège Jean-Baptiste Carpeaux;Lille;059;Nord;59606;Valenciennes
2023-2024;0593674Y;public;87.4;50.343291800603275,3.5552895760918646;Collège Alphonse Terroir;Lille;059;Nord;59383;Marly
2023-2024;0622422W;public;85.7;50.40449324585825,2.825990625524639;Collège Jean-Jacques Rousseau;Lille;062;Pas-de-Calais;62065;Avion
2023-2024;0592895B;privé sous contrat;131.0;50.73996706399982,3.0778406675862393;Collège privé Sainte Marie;Lille;059;Nord;59352;Linselles
2023-2024;0594636U;public;101.2;50.74278770807799,2.736630496038372;Collège Maxime Deyts;Lille;059;Nord;59043;Bailleul
2023-2024;0595175E;public;99.7;50.1757149656532,3.2289302757058485;Collège Fénelon;Lille;059;Nord;59122;Cambrai
2023-2024;0595302T;privé sous contrat;92.0;50.684564996260974,3.167460562765493;Collège privé Saint-Exupéry;Lille;059;Nord;59512;Roubaix
2023-2024;0622140P;privé sous contrat;121.6;50.6276120072444,2.772460279758551;Collège privé Sainte Jeanne d'Arc;Lille;062;Pas-de-Calais;62491;Laventie
2023-2024;0592955S;privé sous contrat;113.5;50.94529542015906,2.194851615851072;Collège privé Notre-Dame;Lille;059;Nord;59094;Bourbourg
2023-2024;0590248Z;public;91.0;50.3498386310885,3.2842295962456927;Collège Louis Pasteur;Lille;059;Nord;59574;Somain
2023-2024;0593131H;privé sous contrat;103.6;50.62928989778109,3.107342498302463;Collège privé Saint Joseph;Lille;059;Nord;59350;Lille
2023-2024;0594628K;public;112.5;50.6696987944097,2.97350955943881;Collège Jacques Monod;Lille;059;Nord;59457;Pérenchies
2023-2024;0594876E;public;92.5;50.19636234641837,3.6082095864660104;Collège Montaigne;Lille;059;Nord;59464;Poix-du-Nord
2023-2024;0620199E;public;88.4;50.718521027312086,1.6098101033211176;Collège Pierre Daunou;Lille;062;Pas-de-Calais;62160;Boulogne-sur-Mer
2023-2024;0622090K;public;90.1;50.51889991403288,2.6661803974822464;Collège Albert Debeyre;Lille;062;Pas-de-Calais;62126;Beuvry
2023-2024;0622432G;public;98.7;50.9570611204092,1.8535390393491435;Collège Jean Macé;Lille;062;Pas-de-Calais;62193;Calais
2023-2024;0622789V;public;81.9;50.301286630319076,2.7505104747791638;Collège Charles Péguy;Lille;062;Pas-de-Calais;62041;Arras
2023-2024;0594308M;public;84.3;50.05729880556586,4.111670619563331;Collège Denis Saurat;Lille;059;Nord;59601;Trélon
2023-2024;0622269E;public;83.8;50.47179839596067,2.6625203622757074;Collège Anatole France;Lille;062;Pas-de-Calais;62617;Noeux-les-Mines
2023-2024;0590082U;public;115.3;50.42710776071974,3.184340322301246;Collège Jean Moulin;Lille;059;Nord;59239;Flines-lez-Raches
2023-2024;0593103C;privé sous contrat;99.0;50.646827656982204,2.719369595601835;Collège privé Sacré-Coeur;Lille;059;Nord;59212;Estaires
2023-2024;0593159N;privé sous contrat;103.9;50.83391331367516,2.2106302829503464;Collège privé Sacré-Coeur;Lille;059;Nord;59647;Watten
2023-2024;0593218C;privé sous contrat;117.0;50.641612858191934,3.0958697192505484;Collège privé Lacordaire;Lille;059;Nord;59410;Mons-en-Baroeul
2023-2024;0593234V;public;112.1;50.53340847736127,2.931829619272259;Collège Albert Ball;Lille;059;Nord;59011;Annoeullin
2023-2024;0593475G;public;108.1;50.571996731098764,2.9399274470057177;Collège Léon Blum;Lille;059;Nord;59653;Wavrin
2023-2024;0595174D;public;92.7;50.17342677818578,3.2420900946825157;Collège Robert Badinter;Lille;059;Nord;59122;Cambrai
2023-2024;0595393S;privé sous contrat;129.3;50.63828239435873,3.027519556262603;Collège privé Sainte Odile;Lille;059;Nord;59328;Lambersart
2023-2024;0593130G;privé sous contrat;93.0;50.97938773835512,2.5895157518617125;Collège privé Saint Joseph;Lille;059;Nord;59309;Hondschoote
2023-2024;0594290T;public;83.5;50.457575681553536,3.026609554977936;Collège Henri Matisse;Lille;059;Nord;59452;Ostricourt
2023-2024;0590115E;public;102.2;50.62910544167586,3.070409601593442;Collège Franklin;Lille;059;Nord;59350;Lille
2023-2024;0593484S;public;82.6;50.30026003135326,3.398559394578643;Collège Emile Littré;Lille;059;Nord;59179;Douchy-les-Mines
2023-2024;0623314R;public;77.5;50.48260659356755,2.547420203520672;Collège Simone Signoret;Lille;062;Pas-de-Calais;62178;Bruay-la-Buissière
2023-2024;0593101A;privé sous contrat;118.9;51.04514380147598,2.3864495714222578;Collège privé Fénelon;Lille;059;Nord;59183;Dunkerque
2023-2024;0622790W;public;90.9;50.379591320916624,2.3305972218706037;Collège Roger Salengro;Lille;062;Pas-de-Calais;62767;Saint-Pol-sur-Ternoise
2023-2024;0623313P;public;82.6;50.50690421353284,2.475710473957055;Collège Lavoisier;Lille;062;Pas-de-Calais;62048;Auchel
2023-2024;0592896C;privé sous contrat;131.1;50.65515072650564,3.078590010507012;Collège privé Saint Jean;Lille;059;Nord;59368;La Madeleine
2023-2024;0592960X;privé sous contrat;134.2;50.569808666277225,3.215230309475054;Collège privé Notre-Dame;Lille;059;Nord;59168;Cysoing
2023-2024;0623312N;public;90.7;50.55895892470479,2.471610200879648;Collège René Cassin;Lille;062;Pas-de-Calais;62516;Lillers
2023-2024;0622428C;public;84.7;50.487227461465054,2.5555504164428298;Collège Edmond Rostand;Lille;062;Pas-de-Calais;62178;Bruay-la-Buissière
2023-2024;0622946R;public;89.9;50.51788963605935,2.7882000779325455;Collège Joliot-Curie;Lille;062;Pas-de-Calais;62051;Auchy-les-Mines
2023-2024;0594648G;public;95.6;50.19206460229412,3.497060079399007;Collège Antoine de Saint-Exupéry;Lille;059;Nord;59571;Solesmes
2023-2024;0595382E;privé sous contrat;125.3;50.688057701204606,2.8745904581322375;Collège privé Saint Jude;Lille;059;Nord;59017;Armentières
2023-2024;0594301E;public;77.5;50.38544700442605,3.500880459857708;Collège Paul Eluard;Lille;059;Nord;59079;Beuvrages
2023-2024;0595387K;privé sous contrat;127.4;50.36960965395435,3.0860735539934394;Collège privé Saint Jean;Lille;059;Nord;59178;Douai
2023-2024;0622578R;public;93.1;50.444295459961204,2.6823894284960037;Collège Jean Rostand;Lille;062;Pas-de-Calais;62737;Sains-en-Gohelle
2023-2024;0596716E;public;84.8;51.03982924030353,2.387079848956808;Collège Arthur Van Hecke;Lille;059;Nord;59183;Dunkerque
2023-2024;0620104B;public;93.3;50.57063043455061,1.9052804919735513;Collège Gabriel de La Gorce;Lille;062;Pas-de-Calais;62463;Hucqueliers
2023-2024;0620025R;public;88.2;50.22910948306126,2.106420297563793;Collège du Val d'Authie;Lille;062;Pas-de-Calais;62060;Auxi-le-Château
2023-2024;0622137L;privé sous contrat;105.2;50.277344107645725,2.2890600944098347;Collège privé Sacré-Coeur;Lille;062;Pas-de-Calais;62361;Frévent
2023-2024;0622806N;public;104.6;50.512033350433924,1.6171993613260043;Collège Maxence Van Der Meersch;Lille;062;Pas-de-Calais;62826;Le Touquet-Paris-Plage
2023-2024;0623571V;privé sous contrat;132.4;50.73022183140741,1.6181801448617874;Collège privé Haffreingue;Lille;062;Pas-de-Calais;62160;Boulogne-sur-Mer
2023-2024;0622103Z;privé sous contrat;135.1;50.291269030476805,2.771739508529325;Collège privé Saint Joseph;Lille;062;Pas-de-Calais;62041;Arras
2023-2024;0592886S;privé sous contrat;77.5;50.68954712102181,3.175910611533584;Collège privé Pascal;Lille;059;Nord;59512;Roubaix
2023-2024;0623112W;public;93.0;50.15757036869106,2.4881994306841806;Collège Marguerite Berger;Lille;062;Pas-de-Calais;62649;Pas-en-Artois
2023-2024;0593179K;public;87.9;50.63147124244808,3.036739502459178;Collège Claude Lévi Strauss;Lille;059;Nord;59350;Lille
2023-2024;0594534H;public;88.9;50.33329774288732,3.4823600112733906;Collège Paul Langevin;Lille;059;Nord;59603;Trith-Saint-Léger
2023-2024;0590091D;public;89.4;50.77536111096201,3.1244763538509477;Collège Lili Keller-Rosenberg;Lille;059;Nord;59279;Halluin
2023-2024;0593180L;public;101.8;50.628730431452865,3.1185919783385483;Collège Antoine de Saint-Exupéry;Lille;059;Nord;59350;Lille
2023-2024;0593483R;public;87.9;50.342317608166105,3.200689310892901;Collège Robert Desnos;Lille;059;Nord;59390;Masny
2023-2024;0594537L;public;107.0;50.74748021155926,3.1643105640649147;Collège Jules Verne;Lille;059;Nord;59426;Neuville-en-Ferrain
2023-2024;0595172B;public;114.5;50.24844416685529,3.645209621701694;Collège Eugène Thomas;Lille;059;Nord;59481;Le Quesnoy
2023-2024;0622104A;privé sous contrat;117.2;50.10201010102586,2.8487198519214876;Collège privé Saint Jean-Baptiste;Lille;062;Pas-de-Calais;62080;Bapaume
2023-2024;0622418S;public;75.1;50.44273593059116,2.823900494132792;Collège Jean Zay;Lille;062;Pas-de-Calais;62498;Lens
2023-2024;0623014P;public;97.9;50.3067041643579,2.794759744288523;Collège Paul Verlaine;Lille;062;Pas-de-Calais;62764;Saint-Nicolas
2023-2024;0592946G;privé sous contrat;103.0;50.68419111384052,2.883004380061855;Collège privé Saint Charles;Lille;059;Nord;59017;Armentières
2023-2024;0594643B;public;99.6;50.88394918679232,2.464759659200426;Collège du Houtland;Lille;059;Nord;59663;Wormhout
2023-2024;0623016S;public;87.8;50.427765150252554,2.8737593658479215;Collège Pierre Brossolette;Lille;062;Pas-de-Calais;62628;Noyelles-sous-Lens
2023-2024;0622572J;public;84.3;50.51822811167607,1.6419865846343977;Collège Jean Jaurès;Lille;062;Pas-de-Calais;62318;Etaples
2023-2024;0592941B;privé sous contrat;111.9;50.37116804322099,3.0795797841130095;Collège privé de la Sainte Union;Lille;059;Nord;59178;Douai
2023-2024;0594398K;public;83.8;51.01181210067035,2.284900276405925;Collège Anne Frank;Lille;059;Nord;59271;Grande-Synthe
2023-2024;0620031X;public;88.9;50.10357490025015,2.8534305851452544;Collège Carlin Legrand;Lille;062;Pas-de-Calais;62080;Bapaume
2023-2024;0622115M;privé sous contrat;116.4;50.43478627342726,2.8311300105405945;Collège privé Sainte Ide;Lille;062;Pas-de-Calais;62498;Lens
2023-2024;0593160P;privé sous contrat;106.7;50.70154344552214,3.218529762632989;Collège privé Saint Joseph - La Salle;Lille;059;Nord;59650;Wattrelos
2023-2024;0590211J;public;115.8;50.46975600738184,3.0699506566329924;Collège Albert Camus;Lille;059;Nord;59592;Thumeries
2023-2024;0620158K;public;82.5;50.40516019431543,2.905140015843999;Collège Paul Langevin;Lille;062;Pas-de-Calais;62724;Rouvroy
2023-2024;0592714E;public;69.8;50.736039039559365,3.1894893121105476;Collège Mendès France;Lille;059;Nord;59599;Tourcoing
2023-2024;0593664M;public;72.1;51.02151982236385,2.3566876381128563;Collège Lucie Aubrac;Lille;059;Nord;59183;Dunkerque
2023-2024;0595758N;public;101.1;50.52137082566311,2.899600556595615;Collège Etienne Dolet;Lille;059;Nord;59477;Provin
2023-2024;0620068M;public;83.2;50.48535248436109,2.4787500415447026;Collège Frédéric Joliot-Curie;Lille;062;Pas-de-Calais;62194;Calonne-Ricouart
2023-2024;0590157A;public;81.3;50.38314537455736,3.582870374959155;Collège Saint-Exupéry;Lille;059;Nord;59447;Onnaing
2023-2024;0590206D;public;93.0;50.1724226574321,4.094559853312446;Collège du Solrézis;Lille;059;Nord;59572;Solre-le-Château
2023-2024;0594405T;public;85.9;50.36153891792843,3.276190437285765;Collège Victor Hugo;Lille;059;Nord;59574;Somain
2023-2024;0593120W;privé sous contrat;102.2;51.0241851393024,2.39382998679485;Collège privé de La Salle;Lille;059;Nord;59155;Coudekerque-Branche
2023-2024;0593252P;public;84.6;50.021085726859674,4.050690661024452;Collège Léo Lagrange;Lille;059;Nord;59249;Fourmies
2023-2024;0594362W;public;64.3;50.274459245680944,3.941730398498145;Collège Vauban;Lille;059;Nord;59392;Maubeuge
2023-2024;0620073T;public;102.5;50.924161978079404,1.8838797192422772;Collège Jean Monnet;Lille;062;Pas-de-Calais;62244;Coulogne
2023-2024;0593482P;public;83.5;50.38278261710616,3.1725305000597075;Collège Frédéric Joliot-Curie;Lille;059;Nord;59327;Lallaing
2023-2024;0592751V;public;78.0;50.33786460186301,3.3574295054584917;Collège Félicien Joly;Lille;059;Nord;59205;Escaudain
2023-2024;0595595L;public;96.9;50.93290859933239,2.3862994981216272;Collège du Looweg;Lille;059;Nord;59162;Crochte
2023-2024;0593244F;public;82.0;50.75911346571574,3.0121371917609854;Collège Philippe de Commynes;Lille;059;Nord;59152;Comines
2023-2024;0593681F;public;87.8;50.258989316415864,4.005229832364161;Collège Lavoisier;Lille;059;Nord;59230;Ferrière-la-Grande
2023-2024;0594634S;public;72.9;50.67211691461054,3.1825896596418874;Collège Théodore Monod;Lille;059;Nord;59512;Roubaix
2023-2024;0620085F;public;88.8;50.516563612667106,2.1299198395232355;Collège Jacques Brel;Lille;062;Pas-de-Calais;62364;Fruges
2023-2024;0622086F;public;89.5;50.41352759147422,2.7674199088405786;Collège Descartes-Montaigne;Lille;062;Pas-de-Calais;62510;Liévin
2023-2024;0595171A;public;111.4;50.37386901137226,3.0855501786094375;Collège Albert Chatelet;Lille;059;Nord;59178;Douai
2023-2024;0622264Z;public;88.6;50.45243870696567,2.9487603119270873;Collège Claude Debussy;Lille;062;Pas-de-Calais;62250;Courrières
2023-2024;0594300D;public;70.6;50.3360867240659,3.382930373268679;Collège Bayard;Lille;059;Nord;59172;Denain
2023-2024;0593157L;privé sous contrat;105.8;50.03086396515955,3.2999401504721155;Collège privé Saint Joseph;Lille;059;Nord;59624;Villers-Outréaux
2023-2024;0622866D;public;89.5;50.47439192291763,2.2688603220749526;Collège Jacques Prévert;Lille;062;Pas-de-Calais;62451;Heuchin
2023-2024;0594865T;public;93.1;50.6118171943921,3.080530699112658;Collège Anatole France;Lille;059;Nord;59507;Ronchin
2023-2024;0592911U;privé sous contrat;109.9;50.662617705826136,3.0537598214329;Collège privé Saint Joseph;Lille;059;Nord;59527;Saint-André-lez-Lille
2023-2024;0590068D;public;87.3;50.38175061469219,3.0610115023258024;Collège Jules Ferry;Lille;059;Nord;59178;Douai
2023-2024;0595401A;privé sous contrat;124.6;50.183902629394524,3.503680581319679;Collège privé Saint Michel;Lille;059;Nord;59571;Solesmes
2023-2024;0620014D;public;96.2;50.291402801437386,2.7308006576561676;Collège Denis Diderot;Lille;062;Pas-de-Calais;62263;Dainville
2023-2024;0622125Y;privé sous contrat;134.1;50.31376101578666,2.753930423050152;Collège privé Les Louez Dieu;Lille;062;Pas-de-Calais;62037;Anzin-Saint-Aubin
2023-2024;0593662K;public;92.5;50.54374997635936,3.0148797683903457;Collège Jean Demailly;Lille;059;Nord;59560;Seclin
2023-2024;0593672W;public;94.9;50.28074903042848,3.306319883127561;Collège de L'Ostrevant;Lille;059;Nord;59092;Bouchain
2023-2024;0595384G;privé sous contrat;107.7;50.12256401280106,3.932669364855354;Collège privé Sainte Thérèse;Lille;059;Nord;59036;Avesnes-sur-Helpe
2023-2024;0623310L;public;97.8;50.28838885743881,2.7762496929984435;Collège Gambetta;Lille;062;Pas-de-Calais;62041;Arras
2023-2024;0595391P;privé sous contrat;120.3;50.72335632938025,2.5300914913902157;Collège privé Saint Jacques;Lille;059;Nord;59295;Hazebrouck
2023-2024;0593144X;privé sous contrat;116.8;50.3441221086375,3.643660302490088;Collège privé Sainte Anne;Lille;059;Nord;59559;Sebourg
2023-2024;0620071R;public;97.2;50.49201513899851,2.9457496897836766;Collège Jean-Jacques Rousseau;Lille;062;Pas-de-Calais;62215;Carvin
2023-2024;0622139N;privé sous contrat;104.6;50.37348323151402,2.0358897155898137;Collège privé Notre-Dame;Lille;062;Pas-de-Calais;62447;Hesdin
2023-2024;0623315S;public;85.2;50.941880612712886,1.8585395899923165;Collège Les Dentelliers;Lille;062;Pas-de-Calais;62193;Calais
2023-2024;0595396V;privé sous contrat;117.8;50.62863139467977,3.0408093284103512;Collège privé La Salle;Lille;059;Nord;59350;Lille
2023-2024;0622431F;public;81.6;50.951299839408264,1.8587103081231955;Collège République;Lille;062;Pas-de-Calais;62193;Calais
2023-2024;0594872A;public;105.2;50.800651058912344,2.4865096325092093;Collège Robert Le Frison;Lille;059;Nord;59135;Cassel
2023-2024;0622793Z;public;82.8;50.41608045486609,2.921099632581262;Collège David Marcelle;Lille;062;Pas-de-Calais;62133;Billy-Montigny
2023-2024;0592899F;privé sous contrat;107.2;50.64256827138436,2.6418202554603893;Collège privé Saint Robert;Lille;059;Nord;59400;Merville
2023-2024;0593240B;public;91.6;50.67870670141196,3.2154206179818767;Collège Gambetta;Lille;059;Nord;59367;Lys-lez-Lannoy
2023-2024;0593147A;privé sous contrat;113.8;50.811472454642704,2.5804995793663936;Collège privé Notre-Dame de Lourdes;Lille;059;Nord;59580;Steenvoorde
2023-2024;0595397W;privé sous contrat;135.7;50.62854044068899,3.044339359786731;Collège privé Thérèse d'Avila;Lille;059;Nord;59350;Lille
2023-2024;0622417R;public;77.3;50.4298593304873,2.826930432308774;Collège Michelet;Lille;062;Pas-de-Calais;62498;Lens
2023-2024;0622867E;public;94.0;50.509523299270256,2.8431140704014504;Collège Antoine de Saint-Exupéry;Lille;062;Pas-de-Calais;62276;Douvrin
2023-2024;0622094P;public;88.1;50.635453038636626,2.4006094467249137;Collège Jean Jaurès;Lille;062;Pas-de-Calais;62014;Aire-sur-la-Lys
2023-2024;0622131E;privé sous contrat;92.9;50.721438736277236,1.6099794080396628;Collège privé Godefroy de Bouillon;Lille;062;Pas-de-Calais;62160;Boulogne-sur-Mer
2023-2024;0622863A;public;98.2;50.26837738946462,2.7673305314071426;Collège Adam de la Halle;Lille;062;Pas-de-Calais;62004;Achicourt
2023-2024;0590055P;public;92.2;50.24388496161089,4.153389475665061;Collège Alfred Jennepin;Lille;059;Nord;59157;Cousolre
2023-2024;0593242D;public;79.6;50.70884740732559,3.1978302784174524;Collège Gustave Nadaud;Lille;059;Nord;59650;Wattrelos
2023-2024;0594525Y;public;101.8;50.61612690346182,3.139180476019098;Collège Le Triolo;Lille;059;Nord;59009;Villeneuve-d'Ascq
2023-2024;0590058T;public;80.0;50.34717671609427,3.1310706351778967;Collège Paul Langevin;Lille;059;Nord;59170;Dechy
